[
   {
      "countryName":"Andorra",
      "isoCode":"AD",
      "dialCode":"+376"
   },
   {
      "countryName":"United Arab Emirates",
      "isoCode":"AE",
      "dialCode":"+971"
   },
   {
      "countryName":"Afghanistan",
      "isoCode":"AF",
      "dialCode":"+93"
   },
   {
      "countryName":"Antigua and Barbuda",
      "isoCode":"AG",
      "dialCode":"+1268"
   },
   {
      "countryName":"Anguilla",
      "isoCode":"AI",
      "dialCode":"+1264"
   },
   {
      "countryName":"Albania",
      "isoCode":"AL",
      "dialCode":"+355"
   },
   {
      "countryName":"Armenia",
      "isoCode":"AM",
      "dialCode":"+374"
   },
   {
      "countryName":"Angola",
      "isoCode":"AO",
      "dialCode":"+244"
   },
   {
      "countryName":"Argentina",
      "isoCode":"AR",
      "dialCode":"+54"
   },
   {
      "countryName":"American Samoa",
      "isoCode":"AS",
      "dialCode":"+1684"
   },
   {
      "countryName":"Austria",
      "isoCode":"AT",
      "dialCode":"+43"
   },
   {
      "countryName":"Australia",
      "isoCode":"AU",
      "dialCode":"+61"
   },
   {
      "countryName":"Aruba",
      "isoCode":"AW",
      "dialCode":"+297"
   },
   {
      "countryName":"Åland Islands",
      "isoCode":"AX",
      "dialCode":"+358"
   },
   {
      "countryName":"Azerbaijan",
      "isoCode":"AZ",
      "dialCode":"+994"
   },
   {
      "countryName":"Bosnia and Herzegovina",
      "isoCode":"BA",
      "dialCode":"+387"
   },
   {
      "countryName":"Barbados",
      "isoCode":"BB",
      "dialCode":"+1"
   },
   {
      "countryName":"Bangladesh",
      "isoCode":"BD",
      "dialCode":"+880"
   },
   {
      "countryName":"Belgium",
      "isoCode":"BE",
      "dialCode":"+32"
   },
   {
      "countryName":"Burkina Faso",
      "isoCode":"BF",
      "dialCode":"+226"
   },
   {
      "countryName":"Bulgaria",
      "isoCode":"BG",
      "dialCode":"+359"
   },
   {
      "countryName":"Bahrain",
      "isoCode":"BH",
      "dialCode":"+973"
   },
   {
      "countryName":"Burundi",
      "isoCode":"BI",
      "dialCode":"+257"
   },
   {
      "countryName":"Benin",
      "isoCode":"BJ",
      "dialCode":"+229"
   },
   {
      "countryName":"Bermuda",
      "isoCode":"BM",
      "dialCode":"+1441"
   },
   {
      "countryName":"Brunei Darussalam",
      "isoCode":"BN",
      "dialCode":"+673"
   },
   {
      "countryName":"Bolivia, Plurinational State of",
      "isoCode":"BO",
      "dialCode":"+591"
   },
   {
      "countryName":"Brazil",
      "isoCode":"BR",
      "dialCode":"+55"
   },
   {
      "countryName":"Bahamas",
      "isoCode":"BS",
      "dialCode":"+1"
   },
   {
      "countryName":"Bhutan",
      "isoCode":"BT",
      "dialCode":"+975"
   },
   {
      "countryName":"Botswana",
      "isoCode":"BW",
      "dialCode":"+267"
   },
   {
      "countryName":"Belarus",
      "isoCode":"BY",
      "dialCode":"+375"
   },
   {
      "countryName":"Belize",
      "isoCode":"BZ",
      "dialCode":"+501"
   },
   {
      "countryName":"Canada",
      "isoCode":"CA",
      "dialCode":"+1"
   },
   {
      "countryName":"Cocos (Keeling) Islands",
      "isoCode":"CC",
      "dialCode":"+61"
   },
   {
      "countryName":"Congo, the Democratic Republic of the",
      "isoCode":"CD",
      "dialCode":"+243"
   },
   {
      "countryName":"Central African Republic",
      "isoCode":"CF",
      "dialCode":"+236"
   },
   {
      "countryName":"Congo",
      "isoCode":"CG",
      "dialCode":"+242"
   },
   {
      "countryName":"Switzerland",
      "isoCode":"CH",
      "dialCode":"+41"
   },
   {
      "countryName":"Cook Islands",
      "isoCode":"CK",
      "dialCode":"+682"
   },
   {
      "countryName":"Chile",
      "isoCode":"CL",
      "dialCode":"+56"
   },
   {
      "countryName":"Cameroon",
      "isoCode":"CM",
      "dialCode":"+237"
   },
   {
      "countryName":"China",
      "isoCode":"CN",
      "dialCode":"+86"
   },
   {
      "countryName":"Colombia",
      "isoCode":"CO",
      "dialCode":"+57"
   },
   {
      "countryName":"Costa Rica",
      "isoCode":"CR",
      "dialCode":"+506"
   },
   {
      "countryName":"Cape Verde",
      "isoCode":"CV",
      "dialCode":"+238"
   },
   {
      "countryName":"Christmas Island",
      "isoCode":"CX",
      "dialCode":"+61"
   },
   {
      "countryName":"Cyprus",
      "isoCode":"CY",
      "dialCode":"+357"
   },
   {
      "countryName":"Czech Republic",
      "isoCode":"CZ",
      "dialCode":"+420"
   },
   {
      "countryName":"Germany",
      "isoCode":"DE",
      "dialCode":"+49"
   },
   {
      "countryName":"Djibouti",
      "isoCode":"DJ",
      "dialCode":"+253"
   },
   {
      "countryName":"Denmark",
      "isoCode":"DK",
      "dialCode":"+45"
   },
   {
      "countryName":"Dominica",
      "isoCode":"DM",
      "dialCode":"+1767"
   },
   {
      "countryName":"Dominican Republic",
      "isoCode":"DO",
      "dialCode":"+1829"
   },
   {
      "countryName":"Algeria",
      "isoCode":"DZ",
      "dialCode":"+213"
   },
   {
      "countryName":"Ecuador",
      "isoCode":"EC",
      "dialCode":"+593"
   },
   {
      "countryName":"Estonia",
      "isoCode":"EE",
      "dialCode":"+372"
   },
   {
      "countryName":"Egypt",
      "isoCode":"EG",
      "dialCode":"+20"
   },
   {
      "countryName":"Western Sahara",
      "isoCode":"EH",
      "dialCode":"+212"
   },
   {
      "countryName":"Eritrea",
      "isoCode":"ER",
      "dialCode":"+291"
   },
   {
      "countryName":"Spain",
      "isoCode":"ES",
      "dialCode":"+34"
   },
   {
      "countryName":"Ethiopia",
      "isoCode":"ET",
      "dialCode":"+251"
   },
   {
      "countryName":"Finland",
      "isoCode":"FI",
      "dialCode":"+358"
   },
   {
      "countryName":"Fiji",
      "isoCode":"FJ",
      "dialCode":"+679"
   },
   {
      "countryName":"Micronesia, Federated States of",
      "isoCode":"FM",
      "dialCode":"+691"
   },
   {
      "countryName":"Faroe Islands",
      "isoCode":"FO",
      "dialCode":"+298"
   },
   {
      "countryName":"France",
      "isoCode":"FR",
      "dialCode":"+33"
   },
   {
      "countryName":"Gabon",
      "isoCode":"GA",
      "dialCode":"+241"
   },
   {
      "countryName":"United Kingdom",
      "isoCode":"GB",
      "dialCode":"+44"
   },
   {
      "countryName":"Grenada",
      "isoCode":"GD",
      "dialCode":"+1473"
   },
   {
      "countryName":"Georgia",
      "isoCode":"GE",
      "dialCode":"+995"
   },
   {
      "countryName":"French Guiana",
      "isoCode":"GF",
      "dialCode":"+594"
   },
   {
      "countryName":"Guernsey",
      "isoCode":"GG",
      "dialCode":"+44"
   },
   {
      "countryName":"Ghana",
      "isoCode":"GH",
      "dialCode":"+233"
   },
   {
      "countryName":"Gibraltar",
      "isoCode":"GI",
      "dialCode":"+350"
   },
   {
      "countryName":"Greenland",
      "isoCode":"GL",
      "dialCode":"+299"
   },
   {
      "countryName":"Gambia",
      "isoCode":"GM",
      "dialCode":"+220"
   },
   {
      "countryName":"Guinea",
      "isoCode":"GN",
      "dialCode":"+224"
   },
   {
      "countryName":"Guadeloupe",
      "isoCode":"GP",
      "dialCode":"+590"
   },
   {
      "countryName":"Equatorial Guinea",
      "isoCode":"GQ",
      "dialCode":"+240"
   },
   {
      "countryName":"Greece",
      "isoCode":"GR",
      "dialCode":"+30"
   },
   {
      "countryName":"Guatemala",
      "isoCode":"GT",
      "dialCode":"+502"
   },
   {
      "countryName":"Guam",
      "isoCode":"GU",
      "dialCode":"+1671"
   },
   {
      "countryName":"Guinea-Bissau",
      "isoCode":"GW",
      "dialCode":"+245"
   },
   {
      "countryName":"Guyana",
      "isoCode":"GY",
      "dialCode":"+592"
   },
   {
      "countryName":"Hong Kong",
      "isoCode":"HK",
      "dialCode":"+852"
   },
   {
      "countryName":"Honduras",
      "isoCode":"HN",
      "dialCode":"+504"
   },
   {
      "countryName":"Croatia",
      "isoCode":"HR",
      "dialCode":"+385"
   },
   {
      "countryName":"Haiti",
      "isoCode":"HT",
      "dialCode":"+509"
   },
   {
      "countryName":"Hungary",
      "isoCode":"HU",
      "dialCode":"+36"
   },
   {
      "countryName":"Indonesia",
      "isoCode":"ID",
      "dialCode":"+62"
   },
   {
      "countryName":"Ireland",
      "isoCode":"IE",
      "dialCode":"+353"
   },
   {
      "countryName":"Israel",
      "isoCode":"IL",
      "dialCode":"+972"
   },
   {
      "countryName":"India",
      "isoCode":"IN",
      "dialCode":"+91"
   },
   {
      "countryName":"Iraq",
      "isoCode":"IQ",
      "dialCode":"+964"
   },
   {
      "countryName":"Iran, Islamic Republic of",
      "isoCode":"IR",
      "dialCode":"+98"
   },
   {
      "countryName":"Iceland",
      "isoCode":"IS",
      "dialCode":"+354"
   },
   {
      "countryName":"Italy",
      "isoCode":"IT",
      "dialCode":"+39"
   },
   {
      "countryName":"Jersey",
      "isoCode":"JE",
      "dialCode":"+44"
   },
   {
      "countryName":"Jamaica",
      "isoCode":"JM",
      "dialCode":"+1876"
   },
   {
      "countryName":"Jordan",
      "isoCode":"JO",
      "dialCode":"+962"
   },
   {
      "countryName":"Japan",
      "isoCode":"JP",
      "dialCode":"+81"
   },
   {
      "countryName":"Kenya",
      "isoCode":"KE",
      "dialCode":"+254"
   },
   {
      "countryName":"Kyrgyzstan",
      "isoCode":"KG",
      "dialCode":"+996"
   },
   {
      "countryName":"Cambodia",
      "isoCode":"KH",
      "dialCode":"+855"
   },
   {
      "countryName":"Comoros",
      "isoCode":"KM",
      "dialCode":"+269"
   },
   {
      "countryName":"Saint Kitts and Nevis",
      "isoCode":"KN",
      "dialCode":"+1869"
   },
   {
      "countryName":"Korea, Democratic People's Republic of",
      "isoCode":"KP",
      "dialCode":"+850"
   },
   {
      "countryName":"Korea, Republic of",
      "isoCode":"KR",
      "dialCode":"+82"
   },
   {
      "countryName":"Kuwait",
      "isoCode":"KW",
      "dialCode":"+965"
   },
   {
      "countryName":"Cayman Islands",
      "isoCode":"KY",
      "dialCode":"+1345"
   },
   {
      "countryName":"Kazakhstan",
      "isoCode":"KZ",
      "dialCode":"+7"
   },
   {
      "countryName":"Lao People's Democratic Republic",
      "isoCode":"LA",
      "dialCode":"+856"
   },
   {
      "countryName":"Lebanon",
      "isoCode":"LB",
      "dialCode":"+961"
   },
   {
      "countryName":"Saint Lucia",
      "isoCode":"LC",
      "dialCode":"+1758"
   },
   {
      "countryName":"Liechtenstein",
      "isoCode":"LI",
      "dialCode":"+423"
   },
   {
      "countryName":"Sri Lanka",
      "isoCode":"LK",
      "dialCode":"+94"
   },
   {
      "countryName":"Liberia",
      "isoCode":"LR",
      "dialCode":"+231"
   },
   {
      "countryName":"Lesotho",
      "isoCode":"LS",
      "dialCode":"+266"
   },
   {
      "countryName":"Lithuania",
      "isoCode":"LT",
      "dialCode":"+370"
   },
   {
      "countryName":"Luxembourg",
      "isoCode":"LU",
      "dialCode":"+352"
   },
   {
      "countryName":"Latvia",
      "isoCode":"LV",
      "dialCode":"+371"
   },
   {
      "countryName":"Libya",
      "isoCode":"LY",
      "dialCode":"+218"
   },
   {
      "countryName":"Morocco",
      "isoCode":"MA",
      "dialCode":"+212"
   },
   {
      "countryName":"Monaco",
      "isoCode":"MC",
      "dialCode":"+377"
   },
   {
      "countryName":"Moldova, Republic of",
      "isoCode":"MD",
      "dialCode":"+373"
   },
   {
      "countryName":"Montenegro",
      "isoCode":"ME",
      "dialCode":"+382"
   },
   {
      "countryName":"Madagascar",
      "isoCode":"MG",
      "dialCode":"+261"
   },
   {
      "countryName":"Marshall Islands",
      "isoCode":"MH",
      "dialCode":"+692"
   },
   {
      "countryName":"Macedonia, the Former Yugoslav Republic of",
      "isoCode":"MK",
      "dialCode":"+389"
   },
   {
      "countryName":"Mali",
      "isoCode":"ML",
      "dialCode":"+223"
   },
   {
      "countryName":"Myanmar",
      "isoCode":"MM",
      "dialCode":"+95"
   },
   {
      "countryName":"Mongolia",
      "isoCode":"MN",
      "dialCode":"+976"
   },
   {
      "countryName":"Macao",
      "isoCode":"MO",
      "dialCode":"+853"
   },
   {
      "countryName":"Northern Mariana Islands",
      "isoCode":"MP",
      "dialCode":"+1670"
   },
   {
      "countryName":"Martinique",
      "isoCode":"MQ",
      "dialCode":"+596"
   },
   {
      "countryName":"Mauritania",
      "isoCode":"MR",
      "dialCode":"+222"
   },
   {
      "countryName":"Montserrat",
      "isoCode":"MS",
      "dialCode":"+1664"
   },
   {
      "countryName":"Malta",
      "isoCode":"MT",
      "dialCode":"+356"
   },
   {
      "countryName":"Mauritius",
      "isoCode":"MU",
      "dialCode":"+230"
   },
   {
      "countryName":"Maldives",
      "isoCode":"MV",
      "dialCode":"+960"
   },
   {
      "countryName":"Malawi",
      "isoCode":"MW",
      "dialCode":"+265"
   },
   {
      "countryName":"Mexico",
      "isoCode":"MX",
      "dialCode":"+52"
   },
   {
      "countryName":"Malaysia",
      "isoCode":"MY",
      "dialCode":"+60"
   },
   {
      "countryName":"Mozambique",
      "isoCode":"MZ",
      "dialCode":"+258"
   },
   {
      "countryName":"Namibia",
      "isoCode":"NA",
      "dialCode":"+264"
   },
   {
      "countryName":"New Caledonia",
      "isoCode":"NC",
      "dialCode":"+687"
   },
   {
      "countryName":"Niger",
      "isoCode":"NE",
      "dialCode":"+227"
   },
   {
      "countryName":"Norfolk Island",
      "isoCode":"NF",
      "dialCode":"+672"
   },
   {
      "countryName":"Nigeria",
      "isoCode":"NG",
      "dialCode":"+234"
   },
   {
      "countryName":"Nicaragua",
      "isoCode":"NI",
      "dialCode":"+505"
   },
   {
      "countryName":"Netherlands",
      "isoCode":"NL",
      "dialCode":"+31"
   },
   {
      "countryName":"Norway",
      "isoCode":"NO",
      "dialCode":"+47"
   },
   {
      "countryName":"Nepal",
      "isoCode":"NP",
      "dialCode":"+977"
   },
   {
      "countryName":"Niue",
      "isoCode":"NU",
      "dialCode":"+683"
   },
   {
      "countryName":"New Zealand",
      "isoCode":"NZ",
      "dialCode":"+64"
   },
   {
      "countryName":"Oman",
      "isoCode":"OM",
      "dialCode":"+968"
   },
   {
      "countryName":"Panama",
      "isoCode":"PA",
      "dialCode":"+507"
   },
   {
      "countryName":"Peru",
      "isoCode":"PE",
      "dialCode":"+51"
   },
   {
      "countryName":"French Polynesia",
      "isoCode":"PF",
      "dialCode":"+689"
   },
   {
      "countryName":"Papua New Guinea",
      "isoCode":"PG",
      "dialCode":"+675"
   },
   {
      "countryName":"Philippines",
      "isoCode":"PH",
      "dialCode":"+63"
   },
   {
      "countryName":"Pakistan",
      "isoCode":"PK",
      "dialCode":"+92"
   },
   {
      "countryName":"Poland",
      "isoCode":"PL",
      "dialCode":"+48"
   },
   {
      "countryName":"Saint Pierre and Miquelon",
      "isoCode":"PM",
      "dialCode":"+508"
   },
   {
      "countryName":"Puerto Rico",
      "isoCode":"PR",
      "dialCode":"+1"
   },
   {
      "countryName":"Palestine, State of",
      "isoCode":"PS",
      "dialCode":"+970"
   },
   {
      "countryName":"Portugal",
      "isoCode":"PT",
      "dialCode":"+351"
   },
   {
      "countryName":"Palau",
      "isoCode":"PW",
      "dialCode":"+680"
   },
   {
      "countryName":"Paraguay",
      "isoCode":"PY",
      "dialCode":"+595"
   },
   {
      "countryName":"Qatar",
      "isoCode":"QA",
      "dialCode":"+974"
   },
   {
      "countryName":"Réunion",
      "isoCode":"RE",
      "dialCode":"+262"
   },
   {
      "countryName":"Romania",
      "isoCode":"RO",
      "dialCode":"+40"
   },
   {
      "countryName":"Serbia",
      "isoCode":"RS",
      "dialCode":"+381"
   },
   {
      "countryName":"Russian Federation",
      "isoCode":"RU",
      "dialCode":"+7"
   },
   {
      "countryName":"Rwanda",
      "isoCode":"RW",
      "dialCode":"+250"
   },
   {
      "countryName":"Saudi Arabia",
      "isoCode":"SA",
      "dialCode":"+966"
   },
   {
      "countryName":"Seychelles",
      "isoCode":"SC",
      "dialCode":"+248"
   },
   {
      "countryName":"Sudan",
      "isoCode":"SD",
      "dialCode":"+249"
   },
   {
      "countryName":"Sweden",
      "isoCode":"SE",
      "dialCode":"+46"
   },
   {
      "countryName":"Singapore",
      "isoCode":"SG",
      "dialCode":"+65"
   },
   {
      "countryName":"Slovenia",
      "isoCode":"SI",
      "dialCode":"+386"
   },
   {
      "countryName":"Slovakia",
      "isoCode":"SK",
      "dialCode":"+421"
   },
   {
      "countryName":"Sierra Leone",
      "isoCode":"SL",
      "dialCode":"+232"
   },
   {
      "countryName":"San Marino",
      "isoCode":"SM",
      "dialCode":"+378"
   },
   {
      "countryName":"Senegal",
      "isoCode":"SN",
      "dialCode":"+221"
   },
   {
      "countryName":"Somalia",
      "isoCode":"SO",
      "dialCode":"+252"
   },
   {
      "countryName":"Suriname",
      "isoCode":"SR",
      "dialCode":"+597"
   },
   {
      "countryName":"South Sudan",
      "isoCode":"SS",
      "dialCode":"+211"
   },
   {
      "countryName":"Sao Tome and Principe",
      "isoCode":"ST",
      "dialCode":"+239"
   },
   {
      "countryName":"El Salvador",
      "isoCode":"SV",
      "dialCode":"+503"
   },
   {
      "countryName":"Swaziland",
      "isoCode":"SZ",
      "dialCode":"+268"
   },
   {
      "countryName":"Turks and Caicos Islands",
      "isoCode":"TC",
      "dialCode":"+1649"
   },
   {
      "countryName":"Chad",
      "isoCode":"TD",
      "dialCode":"+235"
   },
   {
      "countryName":"Togo",
      "isoCode":"TG",
      "dialCode":"+228"
   },
   {
      "countryName":"Thailand",
      "isoCode":"TH",
      "dialCode":"+66"
   },
   {
      "countryName":"Tajikistan",
      "isoCode":"TJ",
      "dialCode":"+992"
   },
   {
      "countryName":"Timor-Leste",
      "isoCode":"TL",
      "dialCode":"+670"
   },
   {
      "countryName":"Turkmenistan",
      "isoCode":"TM",
      "dialCode":"+993"
   },
   {
      "countryName":"Tunisia",
      "isoCode":"TN",
      "dialCode":"+216"
   },
   {
      "countryName":"Tonga",
      "isoCode":"TO",
      "dialCode":"+676"
   },
   {
      "countryName":"Turkey",
      "isoCode":"TR",
      "dialCode":"+90"
   },
   {
      "countryName":"Trinidad and Tobago",
      "isoCode":"TT",
      "dialCode":"+1868"
   },
   {
      "countryName":"Tuvalu",
      "isoCode":"TV",
      "dialCode":"+688"
   },
   {
      "countryName":"Taiwan, Province of China",
      "isoCode":"TW",
      "dialCode":"+886"
   },
   {
      "countryName":"Tanzania, United Republic of",
      "isoCode":"TZ",
      "dialCode":"+255"
   },
   {
      "countryName":"Ukraine",
      "isoCode":"UA",
      "dialCode":"+380"
   },
   {
      "countryName":"Uganda",
      "isoCode":"UG",
      "dialCode":"+256"
   },
   {
      "countryName":"United States",
      "isoCode":"US",
      "dialCode":"+1"
   },
   {
      "countryName":"Uruguay",
      "isoCode":"UY",
      "dialCode":"+598"
   },
   {
      "countryName":"Uzbekistan",
      "isoCode":"UZ",
      "dialCode":"+998"
   },
   {
      "countryName":"Saint Vincent and the Grenadines",
      "isoCode":"VC",
      "dialCode":"+1784"
   },
   {
      "countryName":"Venezuela, Bolivarian Republic of",
      "isoCode":"VE",
      "dialCode":"+58"
   },
   {
      "countryName":"Virgin Islands, British",
      "isoCode":"VG",
      "dialCode":"+1284"
   },
   {
      "countryName":"Virgin Islands, U.S.",
      "isoCode":"VI",
      "dialCode":"+1340"
   },
   {
      "countryName":"Vietnam",
      "isoCode":"VN",
      "dialCode":"+84"
   },
   {
      "countryName":"Vanuatu",
      "isoCode":"VU",
      "dialCode":"+678"
   },
   {
      "countryName":"Samoa",
      "isoCode":"WS",
      "dialCode":"+685"
   },
   {
      "countryName":"Yemen",
      "isoCode":"YE",
      "dialCode":"+967"
   },
   {
      "countryName":"Mayotte",
      "isoCode":"YT",
      "dialCode":"+262"
   },
   {
      "countryName":"South Africa",
      "isoCode":"ZA",
      "dialCode":"+27"
   },
   {
      "countryName":"Zambia",
      "isoCode":"ZM",
      "dialCode":"+260"
   },
   {
      "countryName":"Zimbabwe",
      "isoCode":"ZW",
      "dialCode":"+263"
   }
]
